--liquibase formatted sql

--changeset root:1000-1
insert into global_settings (`id`, `code`, `name`, `value`)
values (1, 'MULTIUSER_MODE', 'Многопользовательский режим', 'YES'),
       (2, 'POST_PREMODERATION', 'Премодерация постов', 'YES'),
       (3, 'STATISTICS_IS_PUBLIC', 'Показывать всем статистику блога', 'NO');

--changeset root:1000-2
insert into users (`id`, `is_moderator`, `reg_time`, `name`, `email`, `password`)
values (1, 1, '2020-01-01 00:00:00', 'Администратор', 'ya@ya.ru', '$2y$10$xl9hJwWbC/fEN2D.Z5G/0.ElS4jJKCor3aeoqLOyqzm2/h7cMp0tK'),
       (2, 0, '2020-05-05 12:15:15', 'Иван Иванов', 'ivavivan@ya.ru', '$2y$10$qEKKP3YaotODEKTry55.QuzvqLueD4.ZdmaqOFKht2wU.Zs1UBW5e'),
       (3, 0, '2020-05-05 13:15:15', 'Потрошитель3000', 'ripper@gmail.com', '$2y$10$ETnDzux1gNhCz6PfieAwD.LSWqowcvCNN44GmRFLGljuLZs/AxJle'),
       (4, 0, '2020-05-05 14:15:16', 'Dude', 'dude88@mail.ru', '$2y$10$xGRSBIktV6pGj2XBZRYlvuEOMoQiLq9EdSOevp1q0Q1nkgXQ5tdZe'),
       (5, 0, '2020-05-11 23:00:00', 'Петрович', 'petrovich@list.ru', '$2y$10$g573.wRZa50vWPoKVbUNMOz50Kzq5xCQ/zQqdpd65umfKUYWdFzqC');

--changeset root:1000-3
insert into posts (`id`, `is_active`, `moderation_status`, `moderator_id`, `user_id`, `time`, `title`, `text`, `view_count`)
values (1, 1, 'ACCEPTED', 1, 2, '2020-05-12 15:10:00', '«Кадровый голод» или почему IT-компании находятся в постоянном поиске сотрудников', 'Последние годы в IT-отрасли наблюдается очевидный дисбаланс спроса и предложения на рынке труда. «Айтишники» нужны всем, не только IT-компаниям ‒ это факт. По данным экспертов Ассоциации предприятий компьютерных и информационных технологий текущий спрос на специалистов с высокой квалификацией и опытом составляет не менее 222 тыс. человек, а к 2024 году эта цифра увеличится до 290-300 тысяч. При этом фокус внимания не только на разработчиках, но и на тестировщиках, бизнес-аналитиках, системных инженерах, дата-сайентистах. Лучших специалистов с опытом нет на открытом рынке, а хантить подходящего кандидата на вакансию в сфере высоких технологий становится всё сложнее, вакансии закрываются долгими месяцами. Разберемся, как изменился рынок за последнее время, почему IT-компании находятся в постоянном поиске, какие специалисты наиболее востребованы, какие тренды работодатели на рынке труда IT-индустрии. Как поменялся рынок. Вряд ли кому-то покажется удивительным, что рынок IT-профессий уверенными темпами растёт год от года, а 2020-й «коронагод» только стимулировал рост. Бизнесы всех сфер (в мире и России) столкнулись с дефицитом IT-решений. Например, для дистанционной работы с клиентами и онлайн-сервисов во всех направлениях (ритейл, медицина, банкинг и пр.). Поэтому спрос на IT-таланты взлетел – как в крупных бизнесах, так и среди стартапов. По статистике от hh.ru прирост вакансий в ИТ-сфере в январе 2021 года по сравнению с январем 2020 года составил 26%, при этом прирост резюме на сайте (по сравнению с аналогичным периодом) всего +5%, а в феврале прирост вакансий составил уже 38%, против 6% прироста по резюме.', 15),
       (2, 1, 'ACCEPTED', 1, 3, '2021-05-19 21:10:00', 'Глобальный дефицит чипов: производители увеличивают сроки выполнения заказов', 'Компания Susquehanna Financial Group предоставила Bloomberg результаты исследований, согласно которым средние сроки выполнения заказов на чипы увеличились до 17 недель. Исследователи описывают ситуацию как «опасная зона» и утверждают, что это самые высокие показатели по ожиданию за последние 4 года. Susquehanna Financial Group ведёт статистику с 2017 года. Среди отслеживаемых у 70 % производителей время ожидания выросло, у 20 % — упало. Среднее время ожидания заказа заметно растёт с декабря. В апреле оно достигло 17 недель.. За апрель сроки выполнения заказа на фабриках PICS выросли до 23,7 недель — на 4 недели дольше, чем в марте. Чтобы дождаться заказ от NXP Semiconductors NV, сейчас заложить в среднем 22 недели, хотя в конце прошлого года с заказом компания справлялась примерно за 12. STMicroelectronics NV выполняет заказы за 28 недель. Для небольших компаний срок ожидания материалов увеличился до 52 недель. Компании вынуждены перепроектировать продукты и менять приоритеты, а в некоторых случаях и отказываться от проектов. Обострение глобального дефицита полупроводниковых компонентов связано с пандемией коронавируса, вызвавшей лавинообразное увеличение спроса на персональные компьютеры, ноутбуки, игровые консоли, телевизоры и прочую электронику. Также всплеск заболеваемости среди работников затронул ключевых производителей чипов в Юго-Восточной Азии, таких как TSMC, Apple и Qualcomm, что повлияло на объёмы производства.', 5),
       (3, 0, 'NEW', 1, 4, '2021-05-20 02:35:15', 'Как работать с иерархической структурой классов', 'Задача классификации — одна из самых известных в машинном обучении. Очень многие проблемы, решаемые с помощью ML, так или иначе сводятся к классификации — распознавание изображений, например. И все выглядит просто и понятно, когда нам нужно определить объект в один из нескольких классов. А что если у нас не плоская структура из нескольких классов, а сложная разветвленная иерархия на 683 категории? Именно о таком случае мы сегодня и поговорим. Под катом — рассказ о том, зачем в задачах классификации нужны сложные иерархии и как с ними жить. В любой задаче классификации есть набор классов и есть модель, которая умеет предсказывать класс для новых данных. Допустим, модель бинарной классификации Спам/не спам, модель классификации настроения текста Хорошо/нейтрально/плохо. Классы обычно являются абстракцией реальности, а абстракция — это всегда упрощение. Однако реальность может быть гораздо сложнее, ведь имеется некоторая структура, взаимосвязи между классами. Одна из часто встречаемых в жизни структур это дерево иерархии. Существует множество вещей, которые можно классифицировать по одному принципу, но на разных уровнях абстракции или обобщения. Например, известная со школы классификация животных. На первом уровне это могут быть Млекопитающие и Рептилии, на втором — Дельфины и Ящерицы. Определенный объект можно отнести к одному из классов на каждом уровне, причем все объекты, относящиеся к некоторому классу, также относятся и к родителю этого класса.', 0),
       (4, 1, 'ACCEPTED', 1, 3, '2021-06-01 12:35:15', 'Конец дефицита чипов озолотит производителей: начинается полупроводниковый суперцикл', 'Пандемия ускорила так называемую цифровизацию экономики, но производственная инфраструктура к такому рывку оказалась не готова. Возникший дефицит компонентов участники рынка намерены победить за счёт расширения производственных мощностей, а эксперты убеждены, что после этого отрасль войдёт в десятилетний суперцикл, характеризуемый стабильным ростом спроса. Своими прогнозами с ресурсом Seeking Alpha поделились аналитики CFRA. По их мнению, трудности с производством полупроводниковых компонентов носят временный характер, и уже в первом квартале следующего года ситуация стабилизируется. Последующие десять лет будут характеризоваться устойчивым ростом спроса на полупроводниковые компоненты самых разных типов. В ближайшие пять лет, по мнению авторов аналитической записки, среднее содержание полупроводниковых компонентов в смартфонах будет увеличиваться на 13 % ежегодно, если говорить о флагманских моделях устройств. В серверном сегменте содержание полупроводниковых компонентов будет ежегодно увеличиваться на 19 %, а в автомобильном сегменте — на 10‒11 %. Именно автомобильная промышленность обеспечит самый большой запас роста, поскольку в ближайшие годы машины будут не только активно переходить на электротягу, но и обзаводиться функциями автоматического управления. Многие компании на подобном росте смогут неплохо заработать, из ближайших к потребительскому рынку ПК это будут AMD, NVIDIA и Marvell. Последняя получит стабильный доход за счёт распространения сетей связи пятого и шестого поколения. AMD и NVIDIA будут развивать бизнес в серверном сегменте, не забывая и про цифровые развлечения. Укреплению позиций в автомобильном секторе у AMD будет способствовать поглощение Xilinx, и распространение процессоров Tegra в случае с NVIDIA.', 1),
       (5, 1, 'ACCEPTED', 1, 4, '2021-06-01 15:40:59', 'Обзор видеокарты NVIDIA GeForce RTX 3070 Ti: продукт своего времени', 'Вместе с GeForce RTX 3080 Ti NVIDIA представила обновленную версию игрового ускорителя средне-высокой ценовой категории, который, если верить чипмейкеру, до сих пор был самым востребованным предложением во всей 30-й серии GeForce. В последнее утверждение легко поверить, ведь RTX 3070 развивает практически такой же уровень производительности в играх, как GeForce RTX 2080 Ti, за сумму вдвое меньше рекомендованной стоимости бывшего флагмана. По крайней мере так было бы в нормальных рыночных условиях, а на самом деле дефицит видеокарт взвинтил цены RTX 3070 аккурат до того уровня, на котором держались премиальные разновидности RTX 2080 Ti. Тем не менее даже с поправкой на аномальную рыночную ситуацию соотношение возможностей и стоимости GeForce RTX 3070 действительно выглядит привлекательнее, чем у старших моделей NVIDIA на чипах Ampere. Особенно если взять для сравнения свежий RTX 3080 Ti, который принес от силы 14 % дополнительного игрового быстродействия сверх уровня RTX 3080, а стоит, даже по официальным оценкам, на $500 больше. В отличие от заново родившегося GeForce RTX 3080, RTX 3070 не имеет прямых конкурентов среди видеокарт AMD 6000-го семейства. С одной стороны находится более дешевый, но и сравнительно медленный Radeon RX 6700 XT, а с другой — Radeon RX 6800, который превосходит RTX 3070 по быстродействию в любых задачах, за исключением игр с рейтрейсингом и некоторых рабочих приложений, располагает вдвое большим объемом оперативной памяти, но одновременно и стоит заметно больше. Ну что ж, тем интереснее узнать, каким получился RTX 3070 Ti. Ведь для того чтобы претендовать быстродействие, аналогичное уровню Radeon RX 6800 или выше, оригинальному RTX 3070 была необходима серьезная переработка. Базовая версия GeForce RTX 3070 комплектуется частично урезанным графическим процессором GA104, однако во всей 30-й серии, за исключением RTX 3090, нет другой модели, настолько близкой к полностью функциональной конфигурации GPU. Ускоритель лишился всего лишь двух потоковых мультипроцессоров (SM), которые в сумме содержат 256 CUDA-ядер для операций над числами FP32 стандартной точности и 8 блоков наложения текстур. Похоже, NVIDIA использовала урезанную формулу вычислительных компонентов скорее для того, чтобы увеличить выход годных кристаллов GA104, нежели для сегментации модельного ряда — настолько незначительной была потеря. Модификация Ti восстановила утраченные блоки, и заодно были увеличены рабочие частоты графического процессора: с 1725 до 1770 МГц по отметке Boost Clock.', 1),
       (6, 1, 'ACCEPTED', 1, 5, '2021-06-01 23:00:00', 'В открытый доступ выложили исходные коды игры Cyberpunk 2077', 'По информации Telegram-канал «Утечки информации», в открытый доступ попали исходные коды уже почти культовой игры Cyberpunk 2077. Судя по датам файлов в архиве, 5 февраля 2021 года данные были похищены злоумышленниками c серверов разработчиков студии CD Projekt Red. На форуме в дарквебе автор публикации привел пример с заголовками и содержимым утекших файлов. Telegram-канал «Утечки информации» пояснил, что архив с исходными кодами игры имеет размер 96 ГБ, а в распакованном виде там 161 ГБ информации и 787 129 файлов. Фактически, исходный код относится к версии игры 1.0, сейчас после все патчей и фиксов у игры версия 1.22. Сторонние разработчики уже начали собирать игру из исходников. И «Ах, гравитация, бессердечная ты ****!» Шелдон из Теории Большого Взрыва. Цензура и разработчики. В censorshipSystem.h есть опция «Censor_WinnieThePooh». Обновление публикации: На onion-сайте «Payload Bin», принадлежащем группировке «Babuk» (известна тем, что шантажировала департамент полиции Вашингтона) были выложены все исходные коды, включая Cyberpunk 2077, украденные у польского разработчика компьютерных игр CD Projekt Red. Размер архива более 360 ГБ данных. 9 февраля CD Projekt Red сообщила, что хакеры украли ее данные и требуют за них выкуп. В утечку попали: исходный код Cyberpunk 2077, «Ведьмака 3», «Гвинта», а также пока не вышедшей версии третьего «Ведьмака». Кроме того, злоумышленники скачали файлы бухгалтерии и административную информацию. 10 февраля 2021 года хакеры через посредника выставили на аукционе украденные данные студии CD Projekt Red. Стартовая цена составляла $1 млн, шаг $500 тыс. Выкупить все данные сразу было можно за $7 млн. Предполагалось, что торги должны были длиться 48 часов. По факту ни одной ставки покупатели не сделали, лот был снят с торгов продавцом и продан вне рамок аукциона. В конце февраля СМИ сообщили, что инцидент с атакой вируса-криптовымогателя на ресурсы студии CD Projekt Red серьезно изменил график выхода обновлений Cyberpunk 2077, а многие разработчики лишились доступа к внутренней сети компании и своим инструментам, даже со своих рабочих станций внутри офиса студии, а не работая удаленно. CD Projekt Red попросила своих программистов заблокировать банковские счета до окончания расследования и предупредила их, что персональная информация многих членов команд была скомпрометирована, включая их паспортные и банковские данные.', 1),
       (7, 1, 'ACCEPTED', 1, 2, '2021-06-03 01:40:10', 'Штат Огайо собирается судиться с Google и требует регулировать его', 'Генеральный прокурор штата Огайо Дэйв Йост обратился в местный суд с требованием признать компанию Google как оказывающую услуги общественного пользования первой необходимости. В случае признания техногиганта такой компанией в штате ей будет запрещено отдавать предпочтение своим продуктам в ущерб конкуренции и интересам пользователей, сообщает Wall Street Journal. В иске прокурора говорится, что Google должна предоставлять своим конкурентам такие же права на рекламу и продакт-плейсмент, как и на собственные услуги. Йост отметил, что в поисковом сервисе компании выдача предоставляется таким образом, что в её топе часто оказываются свои продукты Google даже в том случае, если другие варианты оказались бы лучше для потребителя. В частности, речь идёт о том, что по тем или иным запросам поисковая система компания направляет пользователей на другие платформы Google, например, YouTube, Google карты, Новости Google, Покупки Google и другие. В США компании, оказывающие услуги общественного пользования первой необходимости, в основном находятся в частной собственностью, однако подлежат строгому регулированию со стороны государства. К ним относятся компании, которые оказывают жилищно-коммунальные и транспортные услуги, а также другие виды коммуникаций. Об этом в своём иске говорит и прокурор Огайо — он сравнивает поисковую систему Google с железными дорогами, электрическими компаниями и вышками сотовой связи, которые, по его словам, должны относиться одинаково ко всем гражданам и предоставлять им равные возможности доступа к своим услугам. Огайо стал первым американским штатом, в котором местные власти предъявили подобные требования к Google. При этом в иске не говорится о какой-либо денежной компенсации — прокурор Йост пытается добиться лишь больших полномочий для властей штата в вопросе регулирования деятельности американского техногиганта. В Google ответили на иск, заявив, что он не увенчается успехом. По словам представителя компании, их поисковая система работает таким образом, чтобы предоставить пользователям наиболее релевантные и полезные результаты. В случае исполнения исковых требований работа поисковика в штате ухудшится и затруднит прямую связь малого бизнеса с клиентами, отметили в Google. Представители заявили, что «жители Огайо не хотят, чтобы правительство управляло Google так же, как оно управляет газовыми или электрическими компаниями», а иск не имеет под собой юридических оснований.', 1),
       (8, 1, 'ACCEPTED', 1, 2, '2021-06-04 11:30:00', 'Биткоин стал официальной валютой в Сальвадоре', 'Власти Сальвадора приняли закон, который позволяет использовать биткоин как легальное платёжное средство на территории страны. Об этом сообщается на странице Twitter Законодательной ассамблеи центральноамериканского государства. Сальвадор стал первой страной, в которой криптовалюта узаконена в качестве платёжного средства. Законодательная ассамблея рассмотрела закон после того, как президент страны Найиб Букеле направил его на рассмотрение в парламент. За его принятие проголосовали 62 из 84 депутатов законодательного органа. Согласно принятому закону, биткоин будет использоваться в качестве платёжного средства наряду с долларом США, который был ранее принят как единственная официальная валюта на территории страны. С его помощью можно будет оплачивать любые налоги, а цены на товары и услуги могут быть выражены в биткоинах. Обмен между долларом и биткоином будет диктоваться рынком и не будет облагаться налогом на прирост капитала. Правительство страны также собирается создать официальный криптокошелёк — в нём будут храниться биткоины на сумму в $150 миллионов. Эта сумма будет составлять трастовый фонд на базе Банка развития Сальвадора и будет предназначена для того, чтобы гарантировать возможность автоматического и мгновенного обмена биткоинов на доллары и обратно. Президент Букеле утверждает, что новая финансовая инфраструктура в организации, помимо прочего, поможет создать новые рабочие места. Тем не менее, в законе подчёркивается, что биткоин не следует рассматривать в качестве полной замены американскому доллару — обычная валюта по-прежнему будет использоваться в бухгалтерии в качестве базовой. В ближайшее время президент Букеле подпишет документ, после чего тот «немедленно» вступит в силу. В законе предусматривается срок в 90 дней, который потребуется на создание инфраструктуры под платежи в биткоинах. В Сальвадоре не в первый раз экспериментируют с платёжными активами. С 1934 по 2000 годы единственной законной валютой в стране был сальвадорский колон, однако в 2001-м власти государства приняли решение перейти на американский доллар. До 2004 года колон и доллар США имели равное хождение на территории Сальвадора, а впоследствии колон упразднили и вывели из обращения.', 1),
       (9, 1, 'ACCEPTED', 1, 2, '2021-06-05 08:25:00', 'В работе сервисов «Тинькофф» сегодня произошёл масштабный сбой', 'Сегодня, 9 июня, в работе сервисов банка «Тинькофф» в России наблюдались масштабные сбои, о чём свидетельствуют данные сайта Downdetector. Среди сообщивших о проблемах порядка 78 % пользователей указали на невозможность входа в систему, 20 % отметили сбой всех сервисов банка, а примерно 1 % клиентов банка столкнулся с проблемами при выполнении денежных переводов. В основном жалобы на проблемы с работой сервисов поступали от пользователей из Москвы, Санкт-Петербурга, Казани, Екатеринбурга и Владивостока. В «Тинькофф Банке» подтвердили ТАСС факт случившегося сбоя в работе приложения банка и «Тинькофф инвестиции». «У части клиентов наблюдались затруднения с входом и авторизацией в мобильном приложении "Тинькофф". Ситуация затронула 0,3 % клиентов, в течение часа все затруднения были ликвидированы», — сообщили новостному агентству в пресс-службе банка. Из-за сбоя в приложении «Тинькофф инвестиции» могли не отображаться два информационных экрана: история операций и портфель. С этой проблемой столкнулось около 5 % клиентов. В банке сообщили, что инцидент не затронул торговую функциональность, и все пользователи могли совершать сделки. На устранение проблемы ушло менее часа и сейчас пользователям доступны все функции сервиса в полном объёме.', 1),
       (10, 1, 'ACCEPTED', 1, 3, '2021-06-06 18:03:00', 'Использование иностранных процессоров в российской электронике навредит рынку, считают в АРПЭ', 'Ассоциация российских разработчиков и производителей электроники (АРПЭ) направила в Минпромторг отзыв касательно проекта министерства по введению балльной системы критериев российского происхождения вычислительной техники и электроники. В АРПЭ считают, что возможность использования в вычислительной технике иностранных процессоров в обмен на инвестиции в размере 250 млн рублей в развитие отечественных решений приведёт к «олигополизации рынка». Предложение создать бальную систему оценки происхождения электроники было выдвинуто производителями оборудования и поддержано Минпромторгом. В соответствие с ним предполагается внести ряд изменений в критерии российского происхождения. Например, разрешить использовать в российском оборудовании иностранные процессоры в обмен на инвестиции производителя в размере 250 млн. рублей в развитие отечественной микроэлектроники. Такое предложение поступило от консорциума «Вычислительная техника», в число учредителей которого входят компании «Аквариус», Yadro и «Элемент». В заявлении АРПЭ сказано, что такой подход создаст «риск олигополизации» рынка крупнейшими холдингами, поскольку им не сложно продемонстрировать крупные инвестиционные расходы. В это же время средние и небольшие инновационные компании отрасли не смогут преодолеть этот барьер. Вместо схемы с инвестициями АРПЭ предлагает разделить отечественную электронику на две категории, в зависимости от того, какой процессор в ней используется, отечественный или иностранный. В дополнение к этому, предлагается ввести дополнительные льготы и стимулы для производителей, использующих российские процессоры. Напомним, требование об обязательном использовании отечественных процессоров в СХД вступило в силу с 1 января 2021 года. С 1 июля аналогичное требование вступит в силу для ноутбуков, а с 1 января 2022 года — для другой продукции, в том числе компьютеров и серверов, которые хотят называться российскими.', 1),
       (11, 1, 'ACCEPTED', 1, 3, '2021-06-09 17:00:59', 'Глава NVIDIA выступит 23 июня на европейском HPC-форуме Teratec 2021', 'Глава компании NVIDIA Дженсен Хуанг (Jensen Huang) выступит на европейском форуме Teratec 2021, посвящённом высокопроизводительным вычислениям (HPC). Мероприятие не имеет глобального масштаба и не направлено на потребительскую аудиторию, а рассчитано на профессионалов в сфере HPC. Тем не менее, что-то интересное широкому кругу людей глава NVIDIA может рассказать. На минувшей выставке Computex компания NVIDIA представила новые игровые видеокарты GeForce RTX 3080 Ti и GeForce RTX 3070 Ti. Для многих это стало настоящим сюрпризом, поскольку обычно на данной выставке NVIDIA не анонсирует новые продукты. Однако ещё большим сюрпризом стало то, что графические ускорители анонсировал не Дженсен Хуанг, а один из руководителей NVIDIA. Тем не менее глава компании принял участие в пресс-конференции после презентации. Соскучившиеся по фанату кожаных курток смогут вновь его увидеть 23 июня. На запланированном брифинге Дженсен Хуанг расскажет о том, чего его компания добилась в сфере HPC за последнее время. Весьма вероятно, что никаких откровений не будет, и в большей степени Хуанг повторит всё то, что уже рассказал в рамках мероприятия Graphics Technology Conference (GTC) в апреле этого года. Участие в Teratec 2021 бесплатное, но требует регистрации. Это не масштабное мероприятие, где стоит ожидать громких анонсов новых продуктов, но в истории уже были случаи, когда Дженсен показывал новые GPU малой аудитории. Кто знает, возможно и на Teratec 2021 нас будет ожидать какой-нибудь сюрприз от господина Хуанга.', 1),
       (12, 1, 'ACCEPTED', 1, 5, '2021-06-09 17:30:00', 'IT-кадры: ступени образовательного роста', 'Одним из важнейших факторов, препятствующих технологическим инновациям на предприятиях страны, является отсутствие квалифицированного персонала. В развитии IT-производства оно стало ключевым. По прогнозам, в случае преимущественного развития сырьевых отраслей в экономике России потребность в специалистах софтверной индустрии составит 16 тыс. человек. Если страна пойдет по пути модернизации, эта цифра вырастет до полумиллиона. В любом случае в обозримом будущем сохранится дефицит IT-кадров. По этой причине многие компании стремятся своими силами изменить сложившуюся ситуацию, применяя систему наставничества на предприятиях, привлекая к работе студентов старших курсов, специалистов других фирм и регионов. Опыт самостоятельной подготовки кадров представлен на страницах этого номера. Стоп, стагнация! Сфера образования традиционно является одной из наименее подверженных веяниям времени. Желание внести изменения в систему фундаментальных знаний, созданную школами и вузами, предполагает многолетнюю проверку правильности этого решения. Но ускоряющийся технический прогресс, развитие высоких технологий и проникновение их во все области жизни ставят вопрос о необходимости пересмотра представлений не только о самом процессе обучения, но и о тех знаниях, умениях и навыках, которые сегодня необходимы каждому человеку для жизни и построения успешной карьеры. С момента возникновения компания CISCO была ориентирована на новаторские разработки в области информационных технологий и поиск оптимальных решений актуальных задач и проблем. Именно ее специалисты смогли создать сетевое оборудование, которое изменило представление о расстоянии, позволив соединять людей в самых разных точках земного шара, организовывать сложные видеотрансляции и реализовывать масштабные проекты.', 1);

--changeset root:1000-4
insert into post_votes (`id`, `user_id`, `post_id`, `time`, `value`)
values (1, 3, 1, '2021-05-19 16:00:00', -1),
       (2, 3, 2, '2021-05-19 21:20:00', 1),
       (3, 2, 1, '2021-05-19 16:02:00', 1),
       (4, 2, 2, '2021-05-19 21:30:00', 1),
       (5, 4, 1, '2021-05-19 16:04:00', 1),
       (6, 4, 2, '2021-05-19 23:05:00', 1),
       (7, 5, 12, '2021-06-09 23:05:00', 1);

--changeset root:1000-5
insert into tags (`id`, `name`)
values (1, 'кадры'),
       (2, 'IT'),
       (3, 'чип'),
       (4, 'NVIDIA'),
       (5, 'игры'),
       (6, 'фейл'),
       (7, 'закон'),
       (8, 'финансы');

--changeset root:1000-6
insert into tag2post (`id`, `post_id`, `tag_id`)
values (1, 1, 1),
       (2, 1, 2),
       (3, 2, 3),
       (4, 4, 3),
       (5, 4, 2),
       (6, 5, 4),
       (7, 5, 3),
       (8, 6, 5),
       (9, 6, 6),
       (10, 7, 7),
       (11, 8, 7),
       (12, 8, 8),
       (13, 9, 6),
       (14, 9, 8),
       (15, 9, 2),
       (16, 10, 3),
       (17, 11, 4),
       (18, 12, 1);

--changeset root:1000-7
insert into post_comments (`id`, `post_id`, `user_id`, `time`, `text`)
values (1, 1, 2, '2021-05-19 15:11:00', 'Ставьте лайки, оставляйте комментарии'),
       (2, 1, 3, '2021-05-19 15:15:00', 'Ерунда'),
       (3, 1, 5, '2021-05-19 15:20:00', 'Спорить с этим бесполезно');